-- --------------------------------------------------------
-- Host:                         127.0.0.1
-- Server version:               10.11.7-MariaDB - mariadb.org binary distribution
-- Server OS:                    Win64
-- HeidiSQL Version:             12.6.0.6765
-- --------------------------------------------------------

/*!40101 SET @OLD_CHARACTER_SET_CLIENT=@@CHARACTER_SET_CLIENT */;
/*!40101 SET NAMES utf8 */;
/*!50503 SET NAMES utf8mb4 */;
/*!40103 SET @OLD_TIME_ZONE=@@TIME_ZONE */;
/*!40103 SET TIME_ZONE='+00:00' */;
/*!40014 SET @OLD_FOREIGN_KEY_CHECKS=@@FOREIGN_KEY_CHECKS, FOREIGN_KEY_CHECKS=0 */;
/*!40101 SET @OLD_SQL_MODE=@@SQL_MODE, SQL_MODE='NO_AUTO_VALUE_ON_ZERO' */;
/*!40111 SET @OLD_SQL_NOTES=@@SQL_NOTES, SQL_NOTES=0 */;


-- Dumping database structure for week02
CREATE DATABASE IF NOT EXISTS `week02` /*!40100 DEFAULT CHARACTER SET latin1 COLLATE latin1_swedish_ci */;
USE `week02`;

-- Dumping structure for table week02.customers
CREATE TABLE IF NOT EXISTS `customers` (
  `cust_id` bigint(20) NOT NULL AUTO_INCREMENT,
  `address` varchar(250) DEFAULT NULL,
  `email` varchar(150) DEFAULT NULL,
  `cust_name` varchar(150) DEFAULT NULL,
  `phone` varchar(15) DEFAULT NULL,
  PRIMARY KEY (`cust_id`)
) ENGINE=InnoDB AUTO_INCREMENT=12 DEFAULT CHARSET=latin1 COLLATE=latin1_swedish_ci;

-- Dumping data for table week02.customers: ~11 rows (approximately)
INSERT INTO `customers` (`cust_id`, `address`, `email`, `cust_name`, `phone`) VALUES
	(1, 'Apt. 865 8566 Rutherford Hill, South Geoffreyberg, IA 81912', 'louanne.oreilly@hotmail.com', 'Mr. Emerson Rice', '(730) 678-8809'),
	(2, '00637 Emmerich Burg, Lake Criseldafurt, OH 75322', 'loren.balistreri@yahoo.com', 'Lettie Orn', '(983) 213-5273'),
	(3, '3221 Shyla Road, North Zoraburgh, ID 79270', 'rudolf.lowe@hotmail.com', 'Ileana Herzog', '(505) 648-2315'),
	(4, '12654 Krajcik Lakes, Langberg, LA 99489', 'basil.bogisich@hotmail.com', 'Sherman Stark', '(857) 280-4118'),
	(5, 'Suite 380 425 Verdell Mission, Rachellville, IL 20932', 'libby.konopelski@gmail.com', 'Cecily Tremblay', '(620) 570-8954'),
	(6, 'Apt. 248 632 Boehm Knolls, Larkinport, FL 75389', 'mauro.marvin@hotmail.com', 'Nada Conroy', '(730) 234-1177'),
	(7, 'Apt. 729 603 Reichel Crest, Fayton, IN 70228', 'shira.heidenreich@gmail.com', 'Jessi Mohr', '(472) 481-8862'),
	(8, 'Suite 439 26967 Noel Underpass, Port Herschel, CA 86926', 'brad.bartoletti@gmail.com', 'Mr. Dane Oberbrunner', '(305) 289-2965'),
	(9, 'Apt. 304 436 Sawayn Burgs, South Ezequiel, LA 61591', 'ehtel.wiegand@hotmail.com', 'Dante Cremin', '(737) 333-3990'),
	(10, '729 O\'Conner Corner, Lake Alan, GA 44155', 'stanley.bins@gmail.com', 'Brice Goldner', '(305) 201-2400'),
	(11, '398 TS', 'ledonchung@gmail.com', 'Le Don Chung', '0867713557');

-- Dumping structure for table week02.employees
CREATE TABLE IF NOT EXISTS `employees` (
  `emp_id` bigint(20) NOT NULL AUTO_INCREMENT,
  `address` varchar(250) DEFAULT NULL,
  `dob` datetime(6) DEFAULT NULL,
  `email` varchar(150) DEFAULT NULL,
  `full_name` varchar(150) DEFAULT NULL,
  `phone` varchar(15) DEFAULT NULL,
  `status` tinyint(4) DEFAULT NULL CHECK (`status` between 0 and 2),
  PRIMARY KEY (`emp_id`)
) ENGINE=InnoDB AUTO_INCREMENT=11 DEFAULT CHARSET=latin1 COLLATE=latin1_swedish_ci;

-- Dumping data for table week02.employees: ~10 rows (approximately)
INSERT INTO `employees` (`emp_id`, `address`, `dob`, `email`, `full_name`, `phone`, `status`) VALUES
	(1, '0402 Stokes Inlet, New Marlinestad, OK 98123', '1983-12-02 08:42:34.986619', 'cinda.lehner@yahoo.com', 'Cesar Auer', '(472) 472-2220', 1),
	(2, '6175 Mills Fort, South Albafort, WY 78675', '1966-09-16 12:20:10.785690', 'van.kunde@gmail.com', 'Mauro Runolfsdottir', '(730) 659-8697', 1),
	(3, '271 Daisy Plaza, Charlieville, UT 58438', '1974-12-27 06:17:38.756333', 'jospeh.sporer@gmail.com', 'Ms. Cole Kiehn', '(505) 646-3741', 1),
	(4, 'Apt. 209 6401 Franecki Brooks, North Donyashire, MO 34853', '1986-05-21 00:41:15.266277', 'malcolm.jones@hotmail.com', 'Ashley Mohr', '(730) 202-7960', 1),
	(5, '1016 Towne Islands, Kingport, WI 99341', '2002-09-04 03:46:08.816082', 'stefan.friesen@hotmail.com', 'Jamie Wilderman', '(305) 283-0380', 1),
	(6, 'Suite 402 777 Hipolito Green, Port Rodton, WY 33017', '1975-08-23 04:54:54.369976', 'araceli.shields@hotmail.com', 'Mike Williamson Sr.', '(380) 264-5654', 1),
	(7, 'Suite 777 67845 Linwood Turnpike, Port Leandroborough, CT 32049', '1984-04-30 14:56:13.201532', 'andrea.osinski@yahoo.com', 'Edelmira McDermott', '(505) 648-3674', 1),
	(8, '50133 Ryan Extensions, Grovertown, WY 85098', '2000-12-14 02:06:09.229829', 'jacki.jenkins@hotmail.com', 'Lyndon Effertz', '(505) 648-9454', 1),
	(9, 'Suite 415 00693 Blair Shoals, Port Brandon, MI 53176', '2004-01-20 16:17:48.320130', 'josphine.emard@gmail.com', 'Edgardo Strosin IV', '(505) 604-0286', 1),
	(10, '287 Leffler Way, Gleichnermouth, NH 76590', '1972-04-18 14:07:15.615884', 'shakita.huels@gmail.com', 'Miss Lazaro Reichert', '(305) 218-0666', 1);

-- Dumping structure for table week02.orders
CREATE TABLE IF NOT EXISTS `orders` (
  `order_id` bigint(20) NOT NULL AUTO_INCREMENT,
  `order_date` datetime(6) DEFAULT NULL,
  `cust_id` bigint(20) DEFAULT NULL,
  `employee_id` bigint(20) DEFAULT NULL,
  PRIMARY KEY (`order_id`),
  KEY `FK_orders_employee_id` (`employee_id`),
  KEY `FK_orders_cust_id` (`cust_id`),
  CONSTRAINT `FK_orders_cust_id` FOREIGN KEY (`cust_id`) REFERENCES `customers` (`cust_id`),
  CONSTRAINT `FK_orders_employee_id` FOREIGN KEY (`employee_id`) REFERENCES `employees` (`emp_id`),
  CONSTRAINT `FKfhl8bv0xn3sj33q2f3scf1bq6` FOREIGN KEY (`employee_id`) REFERENCES `employees` (`emp_id`),
  CONSTRAINT `FKhd5us119wo7s8vudtdcknsx04` FOREIGN KEY (`cust_id`) REFERENCES `customers` (`cust_id`)
) ENGINE=InnoDB AUTO_INCREMENT=109 DEFAULT CHARSET=latin1 COLLATE=latin1_swedish_ci;

-- Dumping data for table week02.orders: ~107 rows (approximately)
INSERT INTO `orders` (`order_id`, `order_date`, `cust_id`, `employee_id`) VALUES
	(2, '2024-10-23 23:04:33.244657', 1, 1),
	(3, '2024-09-27 23:04:33.446046', 4, 1),
	(4, '2024-09-29 23:04:33.465221', 3, 1),
	(5, '2024-10-16 23:04:33.511820', 6, 1),
	(6, '2024-09-21 23:04:33.526667', 9, 1),
	(7, '2024-09-20 23:04:33.554349', 1, 1),
	(8, '2024-11-08 23:04:33.571438', 4, 1),
	(9, '2024-10-28 23:04:33.603178', 2, 1),
	(10, '2024-08-30 23:04:33.630049', 3, 1),
	(11, '2024-11-07 23:04:33.657319', 4, 1),
	(12, '2024-11-05 23:04:33.692544', 9, 2),
	(13, '2024-11-01 23:04:33.722749', 2, 2),
	(14, '2024-11-07 23:04:33.749012', 1, 2),
	(15, '2024-08-21 23:04:33.767385', 3, 2),
	(16, '2024-09-28 23:04:33.794332', 10, 2),
	(17, '2024-08-20 23:04:33.806847', 8, 2),
	(18, '2024-11-10 23:04:33.843071', 4, 2),
	(19, '2024-10-05 23:04:33.860214', 8, 2),
	(20, '2024-09-14 23:04:33.879790', 4, 2),
	(21, '2024-08-18 23:04:33.907050', 2, 2),
	(22, '2024-10-21 23:04:33.937388', 4, 3),
	(23, '2024-09-28 23:04:33.954387', 6, 3),
	(24, '2024-09-28 23:04:33.975930', 3, 3),
	(25, '2024-09-15 23:04:33.984974', 5, 3),
	(26, '2024-08-14 23:04:34.003055', 10, 3),
	(27, '2024-09-02 23:04:34.017990', 6, 3),
	(28, '2024-10-15 23:04:34.033138', 3, 3),
	(29, '2024-10-13 23:04:34.043230', 5, 3),
	(30, '2024-09-13 23:04:34.056950', 6, 3),
	(31, '2024-10-12 23:04:34.067001', 3, 3),
	(32, '2024-08-21 23:04:34.085034', 5, 4),
	(33, '2024-10-16 23:04:34.103547', 7, 4),
	(34, '2024-09-23 23:04:34.122633', 9, 4),
	(35, '2024-08-31 23:04:34.131028', 2, 4),
	(36, '2024-10-30 23:04:34.138289', 8, 4),
	(37, '2024-09-22 23:04:34.150583', 2, 4),
	(38, '2024-08-23 23:04:34.168163', 6, 4),
	(39, '2024-09-27 23:04:34.187671', 4, 4),
	(40, '2024-10-08 23:04:34.201709', 1, 4),
	(41, '2024-11-10 23:04:34.208610', 7, 4),
	(42, '2024-09-21 23:04:34.223650', 6, 5),
	(43, '2024-08-19 23:04:34.241340', 10, 5),
	(44, '2024-09-10 23:04:34.259857', 2, 5),
	(45, '2024-10-16 23:04:34.273234', 10, 5),
	(46, '2024-11-10 23:04:34.292127', 2, 5),
	(47, '2024-10-25 23:04:34.318081', 7, 5),
	(48, '2024-09-06 23:04:34.331125', 5, 5),
	(49, '2024-09-12 23:04:34.345515', 9, 5),
	(50, '2024-09-29 23:04:34.353110', 6, 5),
	(51, '2024-10-13 23:04:34.361731', 9, 5),
	(52, '2024-10-01 23:04:34.379184', 4, 6),
	(53, '2024-10-03 23:04:34.396072', 5, 6),
	(54, '2024-09-29 23:04:34.410726', 1, 6),
	(55, '2024-09-06 23:04:34.419209', 6, 6),
	(56, '2024-11-08 23:04:34.427557', 5, 6),
	(57, '2024-10-23 23:04:34.442094', 9, 6),
	(58, '2024-10-15 23:04:34.451137', 3, 6),
	(59, '2024-08-22 23:04:34.460535', 2, 6),
	(60, '2024-08-24 23:04:34.474577', 4, 6),
	(61, '2024-08-29 23:04:34.487015', 2, 6),
	(62, '2024-09-30 23:04:34.507922', 8, 7),
	(63, '2024-08-20 23:04:34.517178', 2, 7),
	(64, '2024-10-12 23:04:34.533437', 8, 7),
	(65, '2024-11-03 23:04:34.541568', 9, 7),
	(66, '2024-10-07 23:04:34.554890', 4, 7),
	(67, '2024-10-24 23:04:34.567467', 5, 7),
	(68, '2024-08-29 23:04:34.580806', 4, 7),
	(69, '2024-09-13 23:04:34.604879', 4, 7),
	(70, '2024-08-31 23:04:34.620169', 7, 7),
	(71, '2024-10-03 23:04:34.639582', 9, 7),
	(72, '2024-08-19 23:04:34.659317', 9, 8),
	(73, '2024-10-24 23:04:34.680761', 1, 8),
	(74, '2024-10-09 23:04:34.700567', 5, 8),
	(75, '2024-09-24 23:04:34.717604', 9, 8),
	(76, '2024-11-05 23:04:34.726305', 5, 8),
	(77, '2024-09-02 23:04:34.736419', 7, 8),
	(78, '2024-10-19 23:04:34.746432', 8, 8),
	(79, '2024-10-23 23:04:34.759430', 10, 8),
	(80, '2024-08-21 23:04:34.772428', 9, 8),
	(81, '2024-10-27 23:04:34.786881', 3, 8),
	(82, '2024-10-03 23:04:34.795722', 7, 9),
	(83, '2024-08-16 23:04:34.806356', 2, 9),
	(84, '2024-10-23 23:04:34.822733', 5, 9),
	(85, '2024-08-25 23:04:34.835092', 9, 9),
	(86, '2024-08-30 23:04:34.852104', 4, 9),
	(87, '2024-08-13 23:04:34.865109', 6, 9),
	(88, '2024-08-22 23:04:34.875416', 10, 9),
	(89, '2024-09-22 23:04:34.893815', 4, 9),
	(90, '2024-09-12 23:04:34.914642', 2, 9),
	(91, '2024-09-29 23:04:34.932286', 5, 9),
	(92, '2024-08-28 23:04:34.954673', 6, 10),
	(93, '2024-10-27 23:04:34.966799', 4, 10),
	(94, '2024-09-06 23:04:34.976816', 1, 10),
	(95, '2024-08-30 23:04:34.987418', 5, 10),
	(96, '2024-10-16 23:04:35.001472', 6, 10),
	(97, '2024-11-10 23:04:35.018280', 5, 10),
	(98, '2024-09-10 23:04:35.028916', 9, 10),
	(99, '2024-09-18 23:04:35.037541', 8, 10),
	(100, '2024-08-27 23:04:35.054551', 4, 10),
	(101, '2024-09-18 23:04:35.072933', 8, 10),
	(102, '2024-11-11 23:42:09.986993', 5, 2),
	(103, '2024-11-11 23:44:27.307850', 5, 2),
	(104, '2024-11-11 23:45:28.872964', 4, 2),
	(105, '2024-11-11 23:47:09.858268', 4, 2),
	(106, '2024-11-11 23:51:10.832532', 4, 2),
	(107, '2024-11-11 23:52:04.101397', 6, 2),
	(108, '2024-11-11 23:53:38.250959', 11, 2);

-- Dumping structure for table week02.order_details
CREATE TABLE IF NOT EXISTS `order_details` (
  `note` varchar(255) DEFAULT NULL,
  `price` double DEFAULT NULL,
  `quantity` double DEFAULT NULL,
  `order_id` bigint(20) NOT NULL,
  `product_id` bigint(20) NOT NULL,
  PRIMARY KEY (`order_id`,`product_id`),
  KEY `FK_order_details_product_id` (`product_id`),
  CONSTRAINT `FK4q98utpd73imf4yhttm3w0eax` FOREIGN KEY (`product_id`) REFERENCES `products` (`product_id`),
  CONSTRAINT `FK_order_details_order_id` FOREIGN KEY (`order_id`) REFERENCES `orders` (`order_id`),
  CONSTRAINT `FK_order_details_product_id` FOREIGN KEY (`product_id`) REFERENCES `products` (`product_id`),
  CONSTRAINT `FKjyu2qbqt8gnvno9oe9j2s2ldk` FOREIGN KEY (`order_id`) REFERENCES `orders` (`order_id`)
) ENGINE=InnoDB DEFAULT CHARSET=latin1 COLLATE=latin1_swedish_ci;

-- Dumping data for table week02.order_details: ~272 rows (approximately)
INSERT INTO `order_details` (`note`, `price`, `quantity`, `order_id`, `product_id`) VALUES
	('Accusantium quaerat blanditiis accusantium fugit reprehenderit necessitatibus consequuntur.', 175.32, 2.8, 2, 27),
	('Magni corporis laborum ullam laborum facere cupiditate libero.', 96.72, 3.1, 3, 28),
	('Quasi at saepe nihil quod.', 122.37, 9.9, 4, 18),
	('Incidunt ut neque maxime dolor.', 72.42, 9, 4, 19),
	('Dolorem quasi quasi quae.', 76.46, 7.8, 4, 23),
	('Voluptates sunt dolor eum.', 96.72, 7.3, 5, 28),
	('Recusandae aperiam delectus tenetur voluptatem ut saepe.', 122.37, 6.9, 6, 18),
	('Voluptatem et minima harum quaerat officia cupiditate.', 62.29, 3.6, 6, 24),
	('Asperiores sapiente voluptatibus ipsam nobis consequatur.', 134.97, 3.6, 6, 25),
	('Modi labore nam eius ab quidem.', 76.46, 2.7, 7, 23),
	('Exercitationem doloremque eos.', 122.37, 8.4, 8, 18),
	('Assumenda alias unde corrupti labore eaque.', 96.72, 5.4, 8, 28),
	('Dolore doloribus voluptas odio harum.', 166.99, 8.9, 8, 29),
	('Similique esse commodi ipsum at.', 189.63, 9.2, 9, 17),
	('Deleniti aut ea recusandae adipisci dicta ducimus ut.', 119.48, 5.8, 9, 20),
	('Est sed occaecati.', 117.15, 4.8, 9, 22),
	('Velit tenetur provident ipsam adipisci.', 76.46, 4.3, 10, 23),
	('Mollitia culpa corrupti esse aperiam.', 54.75, 9.8, 10, 26),
	('Libero possimus perferendis veniam.', 189.63, 2, 11, 17),
	('Veritatis possimus explicabo accusamus hic fuga nam impedit.', 134.97, 5, 11, 25),
	('Fugit minima alias ipsam qui eaque.', 96.72, 7.8, 11, 28),
	('Aperiam aliquam at.', 66.57, 7.8, 11, 30),
	('Natus incidunt eveniet.', 34.45, 6.8, 12, 16),
	('Autem unde quae fugiat numquam qui itaque.', 119.48, 8, 12, 20),
	('Molestias deserunt architecto ex dolores maxime aspernatur mollitia.', 76.46, 2.7, 12, 23),
	('Unde saepe sit molestiae.', 134.97, 6.6, 12, 25),
	('Saepe tempora quisquam neque temporibus quos voluptatem.', 189.63, 5.1, 13, 17),
	('Illum sit nulla nisi beatae culpa cumque reprehenderit.', 72.42, 4.8, 13, 19),
	('Ratione suscipit quos unde.', 62.29, 7.8, 13, 24),
	('Architecto ipsa sapiente ipsum earum magni.', 72.42, 2.1, 14, 19),
	('Repellat molestias fugiat doloribus magni.', 119.48, 3.8, 14, 20),
	('Beatae velit error modi eaque.', 34.45, 3.1, 15, 16),
	('Illum rerum rem omnis totam temporibus facilis.', 117.15, 9.1, 15, 22),
	('Praesentium soluta necessitatibus natus fugit laudantium.', 66.57, 8.7, 15, 30),
	('Aut animi excepturi.', 117.15, 8.1, 16, 22),
	('Eos dolores corporis doloremque unde.', 189.63, 7.1, 17, 17),
	('Ducimus repudiandae quaerat at.', 122.37, 1.4, 17, 18),
	('Velit nihil laboriosam quisquam.', 117.15, 2.6, 17, 22),
	('Expedita recusandae nam non eligendi beatae atque impedit.', 54.75, 9.8, 17, 26),
	('Vel magni perspiciatis est porro accusamus.', 66.57, 6.7, 17, 30),
	('Cumque corrupti beatae.', 122.37, 8.1, 18, 18),
	('Veritatis eius aspernatur accusantium assumenda.', 166.99, 3.8, 18, 29),
	('Architecto magni sint id illum dignissimos nisi inventore.', 76.46, 9.6, 19, 23),
	('Magnam esse iste.', 96.72, 8.6, 19, 28),
	('Ex deleniti nulla incidunt.', 166.99, 4.7, 19, 29),
	('Aliquid temporibus ut consectetur explicabo eum.', 189.63, 2.6, 20, 17),
	('Suscipit laboriosam officia id necessitatibus consectetur alias.', 122.37, 1.8, 20, 18),
	('Asperiores recusandae ducimus consequatur voluptatum repellendus.', 62.29, 3.7, 20, 24),
	('Suscipit dolorum nemo velit inventore minus ratione.', 96.72, 7, 20, 28),
	('Asperiores beatae inventore pariatur assumenda.', 34.45, 4.2, 21, 16),
	('Hic tenetur numquam molestias esse quibusdam quaerat facilis.', 122.37, 2.8, 21, 18),
	('Pariatur impedit porro magni ipsa sequi illum.', 134.97, 6.7, 21, 25),
	('Excepturi distinctio quia nobis aliquid ipsum soluta.', 166.99, 9.2, 21, 29),
	('Atque saepe tempore animi modi.', 66.57, 7.9, 21, 30),
	('Itaque maxime velit tenetur itaque maxime modi.', 153.13, 6.3, 22, 21),
	('Iure eveniet perferendis eveniet illum.', 62.29, 5.6, 22, 24),
	('Quas voluptatum natus quas repudiandae maxime quo.', 119.48, 4.7, 23, 20),
	('Illo dolorum amet vel unde.', 117.15, 9.2, 23, 22),
	('A iure maxime nam mollitia.', 62.29, 9.2, 23, 24),
	('Eaque beatae voluptatibus qui veniam.', 175.32, 6.5, 23, 27),
	('Doloribus nulla esse nam libero aperiam quis.', 166.99, 9.4, 23, 29),
	('Veniam recusandae placeat repellendus optio.', 153.13, 9.9, 24, 21),
	('Aspernatur reprehenderit earum aperiam.', 122.37, 7.3, 25, 18),
	('Illum ad similique quam recusandae.', 72.42, 5.5, 25, 19),
	('At ex possimus iure nihil nobis amet laudantium.', 119.48, 3.5, 25, 20),
	('Illum repudiandae accusantium impedit sequi.', 54.75, 2.9, 25, 26),
	('Officiis recusandae distinctio dolores ut.', 76.46, 6.4, 26, 23),
	('Cupiditate veritatis aliquam quos alias inventore asperiores.', 134.97, 1.9, 26, 25),
	('Modi at accusantium a nisi sint.', 76.46, 3.9, 27, 23),
	('Id porro eius nesciunt.', 134.97, 9, 27, 25),
	('Sapiente eligendi mollitia.', 175.32, 8.8, 27, 27),
	('Repudiandae fuga harum excepturi.', 189.63, 7.1, 28, 17),
	('Vero dicta praesentium.', 119.48, 2.5, 29, 20),
	('Ab mollitia in eaque odit corrupti aspernatur ex.', 62.29, 5.2, 29, 24),
	('Quaerat adipisci repellendus fugiat praesentium consequuntur ipsa.', 189.63, 4.8, 30, 17),
	('Iusto pariatur neque libero ducimus.', 34.45, 3.6, 31, 16),
	('Ab eos reprehenderit.', 122.37, 6.6, 31, 18),
	('Ex ratione possimus recusandae voluptates eligendi soluta.', 66.57, 8.7, 31, 30),
	('Explicabo dolor omnis eveniet recusandae voluptatibus id sequi.', 72.42, 8.4, 32, 19),
	('Veritatis dignissimos consequuntur consequatur.', 62.29, 3.3, 32, 24),
	('Eius ad ex.', 175.32, 2.5, 32, 27),
	('Natus id numquam aliquam nobis iusto.', 189.63, 8.9, 33, 17),
	('Quis est ipsa.', 122.37, 4.6, 33, 18),
	('Molestias labore labore aliquid.', 119.48, 5.7, 33, 20),
	('Atque voluptate voluptate totam quos.', 62.29, 4.3, 33, 24),
	('Unde necessitatibus necessitatibus eaque maiores.', 189.63, 7.2, 34, 17),
	('Itaque atque explicabo unde laboriosam.', 76.46, 2.5, 35, 23),
	('Vel quam harum qui ratione minus illo quae.', 119.48, 8.3, 36, 20),
	('Totam veniam modi nobis fuga distinctio mollitia modi.', 96.72, 8.8, 36, 28),
	('Fuga aut tenetur repellendus officia esse.', 117.15, 5.7, 37, 22),
	('Natus sint aliquam nihil fugit provident quia reiciendis.', 134.97, 8.6, 37, 25),
	('Numquam sapiente dignissimos nostrum architecto.', 54.75, 6.3, 37, 26),
	('Neque nam ducimus voluptatibus nisi quis cumque.', 166.99, 6.5, 37, 29),
	('Perspiciatis maiores ratione sequi.', 189.63, 4.6, 38, 17),
	('Unde quasi quo culpa odio.', 122.37, 1.2, 38, 18),
	('Quod tempore officia deserunt.', 72.42, 1.2, 38, 19),
	('Soluta exercitationem accusamus excepturi sint.', 166.99, 5.4, 38, 29),
	('Aut error in dolores aliquam nihil incidunt eius.', 122.37, 4.9, 39, 18),
	('Hic quia eveniet assumenda quis.', 153.13, 9.7, 39, 21),
	('Non perspiciatis odit aperiam reprehenderit ratione dolorum alias.', 66.57, 2.6, 39, 30),
	('Nisi eos accusantium numquam.', 62.29, 8.9, 40, 24),
	('Temporibus porro debitis possimus quaerat.', 153.13, 4, 41, 21),
	('Sunt cumque ullam aspernatur.', 76.46, 5.8, 41, 23),
	('Ratione corporis placeat architecto nobis sunt fuga sapiente.', 175.32, 4.6, 41, 27),
	('Facilis rerum non dolorem laborum quidem.', 119.48, 2.1, 42, 20),
	('Soluta dolores dignissimos molestias.', 62.29, 5, 42, 24),
	('Consectetur rerum quo.', 96.72, 8.8, 42, 28),
	('Magni optio eius.', 189.63, 5.7, 43, 17),
	('Enim saepe atque architecto nam tempora.', 72.42, 4.2, 43, 19),
	('Veniam distinctio totam.', 175.32, 8.1, 43, 27),
	('Autem fuga quod.', 76.46, 1.2, 44, 23),
	('Est fuga tenetur.', 134.97, 9.4, 44, 25),
	('Excepturi a est blanditiis molestiae laboriosam.', 72.42, 8.5, 45, 19),
	('Sunt neque ullam nulla tempora nostrum exercitationem consequatur.', 54.75, 4.9, 45, 26),
	('Neque eius nobis animi dolore fugiat.', 189.63, 6.6, 46, 17),
	('Cum repudiandae voluptate.', 117.15, 2.9, 46, 22),
	('Eaque odit molestias eum mollitia praesentium libero totam.', 76.46, 2.4, 46, 23),
	('Inventore repellendus magnam consequatur suscipit nam.', 175.32, 2, 46, 27),
	('Magnam facere possimus minus.', 166.99, 3.2, 46, 29),
	('Molestias adipisci eligendi occaecati cupiditate.', 189.63, 7.5, 47, 17),
	('Enim iste a delectus maxime neque repellendus occaecati.', 96.72, 1.6, 47, 28),
	('Debitis consectetur deleniti sint sunt harum commodi saepe.', 189.63, 1.8, 48, 17),
	('Soluta eius sequi fuga optio aperiam pariatur.', 134.97, 6.5, 48, 25),
	('Deleniti praesentium dicta officiis eos aperiam maiores.', 166.99, 9.3, 48, 29),
	('Temporibus ad iure neque ratione occaecati ipsum.', 66.57, 2.5, 49, 30),
	('Aperiam excepturi quibusdam autem minus harum.', 62.29, 8.7, 50, 24),
	('Sunt officiis pariatur dolor quasi.', 34.45, 3.9, 51, 16),
	('Architecto tempora ipsa distinctio cupiditate accusantium iure ut.', 76.46, 2.1, 51, 23),
	('Fugiat esse cupiditate sequi mollitia.', 62.29, 4.6, 51, 24),
	('Magni cupiditate maiores.', 175.32, 8.8, 51, 27),
	('Laudantium adipisci nisi quae sapiente beatae culpa quam.', 34.45, 8.9, 52, 16),
	('Consectetur nulla vitae.', 117.15, 2.1, 52, 22),
	('Illum quaerat ducimus rerum magni nobis labore.', 76.46, 9.5, 52, 23),
	('Consectetur a deleniti consectetur eum.', 54.75, 3.7, 52, 26),
	('Quidem quos autem est adipisci voluptate.', 119.48, 1.5, 53, 20),
	('Labore rerum placeat.', 54.75, 6.7, 53, 26),
	('Quaerat dicta ex commodi magnam tempore.', 66.57, 3.6, 53, 30),
	('Nisi ea aut deserunt.', 62.29, 7.7, 54, 24),
	('Aut tempora non doloremque.', 166.99, 9.4, 55, 29),
	('Omnis quas qui nam.', 117.15, 3.9, 56, 22),
	('Maiores voluptatem soluta quo tempore distinctio ut officiis.', 134.97, 1.9, 56, 25),
	('Beatae autem suscipit.', 96.72, 9.2, 57, 28),
	('Quam vel sit quidem quia maiores numquam.', 189.63, 7.7, 58, 17),
	('Nulla saepe alias facere cumque.', 34.45, 9, 59, 16),
	('Eaque dicta nam eligendi fugiat.', 134.97, 1.4, 59, 25),
	('Assumenda quae eaque fuga ipsa autem placeat quos.', 119.48, 8.7, 60, 20),
	('Dolorum quibusdam ea dignissimos nostrum esse officiis.', 62.29, 8.1, 60, 24),
	('Quisquam sapiente reprehenderit ab.', 119.48, 9.8, 61, 20),
	('Minima laboriosam ullam.', 62.29, 4.3, 61, 24),
	('Nobis eveniet maxime quis sit cumque.', 175.32, 9.5, 61, 27),
	('Atque iusto eaque dolorum ipsum recusandae repellat.', 66.57, 6.7, 61, 30),
	('Soluta quasi est maiores consectetur alias voluptate tempore.', 72.42, 1.7, 62, 19),
	('Blanditiis deserunt necessitatibus atque labore dolorum blanditiis odit.', 189.63, 2.9, 63, 17),
	('Eveniet in dolore dolorum fuga a exercitationem deserunt.', 153.13, 9.8, 63, 21),
	('Quibusdam aspernatur in.', 153.13, 3.8, 64, 21),
	('Blanditiis vitae pariatur.', 153.13, 8.7, 65, 21),
	('Corrupti neque incidunt.', 54.75, 6.2, 65, 26),
	('Sunt beatae cumque.', 122.37, 1.2, 66, 18),
	('Fuga nam neque harum sint repudiandae libero blanditiis.', 119.48, 9.2, 66, 20),
	('Impedit enim tenetur.', 34.45, 6.4, 67, 16),
	('At modi corporis.', 72.42, 7.2, 67, 19),
	('Praesentium animi dignissimos temporibus.', 34.45, 2.1, 68, 16),
	('Iste ut nisi eius veniam itaque magnam molestias.', 189.63, 4.6, 68, 17),
	('Ratione optio dignissimos.', 54.75, 7.2, 68, 26),
	('Earum a voluptate provident deleniti sint animi.', 175.32, 6.3, 68, 27),
	('Earum saepe voluptate est molestias libero.', 96.72, 6.3, 68, 28),
	('Deserunt deserunt voluptate illum est veritatis.', 72.42, 8.1, 69, 19),
	('Dolor saepe quibusdam officiis eos.', 54.75, 5.1, 69, 26),
	('Sint possimus nihil quasi natus.', 96.72, 3.5, 69, 28),
	('Cumque temporibus aut veritatis soluta.', 34.45, 7.1, 70, 16),
	('Aspernatur deserunt mollitia ea iusto veniam.', 72.42, 3, 70, 19),
	('Sed et quo.', 117.15, 1.9, 70, 22),
	('Necessitatibus possimus nihil earum officiis distinctio.', 54.75, 1.8, 70, 26),
	('Asperiores molestias placeat dolorem atque necessitatibus.', 122.37, 2.4, 71, 18),
	('Consequuntur earum eos dignissimos distinctio amet veniam.', 153.13, 2.3, 71, 21),
	('Fugit minima deserunt quas.', 76.46, 6.2, 71, 23),
	('Consequuntur earum rem dolores harum distinctio pariatur.', 175.32, 5.5, 71, 27),
	('Tenetur architecto officiis voluptatibus.', 189.63, 2.4, 72, 17),
	('Modi cupiditate magni provident ratione at aliquam expedita.', 122.37, 1.3, 72, 18),
	('Natus nulla natus asperiores necessitatibus.', 119.48, 7.3, 72, 20),
	('A mollitia ad accusamus.', 134.97, 3, 72, 25),
	('Deserunt a sequi beatae suscipit nam suscipit.', 189.63, 9.5, 73, 17),
	('Error corporis fuga repellendus unde ducimus laudantium.', 119.48, 7.7, 73, 20),
	('Qui neque itaque neque at quibusdam nemo eaque.', 96.72, 8, 73, 28),
	('Vero non esse ea dicta.', 66.57, 3.2, 73, 30),
	('Quaerat architecto fuga facere exercitationem veritatis.', 34.45, 1.4, 74, 16),
	('Expedita iste voluptas nesciunt magnam doloribus a.', 72.42, 1.3, 74, 19),
	('Accusamus nostrum officia illum.', 76.46, 5.9, 74, 23),
	('Error voluptate doloribus libero vero.', 66.57, 1.8, 74, 30),
	('Natus ipsum nisi.', 72.42, 3.6, 75, 19),
	('Voluptatibus vitae praesentium deleniti earum.', 153.13, 9, 76, 21),
	('Recusandae quam necessitatibus vitae cum maiores delectus optio.', 66.57, 6.1, 76, 30),
	('Repellendus quam corrupti ipsum expedita culpa.', 76.46, 6.4, 77, 23),
	('Natus modi rerum sequi dolores aliquam in quidem.', 72.42, 6.3, 78, 19),
	('Tenetur amet aliquid veritatis culpa ab praesentium illum.', 66.57, 6, 78, 30),
	('Iusto voluptate cupiditate tempora repellendus voluptatum provident.', 62.29, 4.4, 79, 24),
	('Sunt optio illo soluta tempora.', 166.99, 3.6, 79, 29),
	('Quaerat tempora ipsa.', 66.57, 9.3, 79, 30),
	('Labore at optio sit vero atque illo.', 72.42, 9.2, 80, 19),
	('Laborum eaque dolores eveniet.', 76.46, 2.2, 80, 23),
	('Magnam quaerat suscipit.', 62.29, 3.7, 80, 24),
	('Soluta eius sunt laborum reiciendis laborum odio harum.', 54.75, 8.8, 80, 26),
	('Aspernatur aliquam debitis inventore excepturi doloremque in veniam.', 117.15, 9.8, 81, 22),
	('Numquam praesentium accusantium commodi architecto.', 119.48, 4.4, 82, 20),
	('Ab pariatur culpa omnis.', 54.75, 9.2, 82, 26),
	('Optio voluptatibus error sit.', 72.42, 10, 83, 19),
	('Exercitationem esse possimus.', 117.15, 6.5, 83, 22),
	('Earum cum odio accusamus iste veritatis quasi.', 166.99, 2.5, 83, 29),
	('Nisi eligendi minus quam fuga.', 153.13, 3.5, 84, 21),
	('Nemo repellendus neque dolores quam.', 175.32, 5.3, 84, 27),
	('Repellendus recusandae ipsum fugit et.', 34.45, 5.3, 85, 16),
	('Culpa facilis debitis recusandae debitis reprehenderit.', 119.48, 3.8, 85, 20),
	('Quisquam maxime ad earum.', 166.99, 1.9, 85, 29),
	('Non magni neque.', 153.13, 9.2, 86, 21),
	('Nulla mollitia dolor illum.', 134.97, 1.6, 86, 25),
	('Expedita unde nihil.', 72.42, 10, 87, 19),
	('Odit distinctio accusamus soluta vel ratione ipsam eius.', 34.45, 1.9, 88, 16),
	('Maxime recusandae molestiae temporibus aut.', 122.37, 9.6, 88, 18),
	('Nesciunt quisquam atque alias quas ipsam non id.', 119.48, 10, 88, 20),
	('Inventore quod laudantium ut deleniti veritatis molestias.', 96.72, 6.7, 88, 28),
	('Dolore magni maxime facilis.', 122.37, 6.7, 89, 18),
	('Odit quisquam ipsam reprehenderit molestiae cumque mollitia.', 117.15, 1.6, 89, 22),
	('Odit deleniti perferendis architecto quis nisi.', 166.99, 5.5, 89, 29),
	('Ab quidem voluptatem aliquid minus quas pariatur neque.', 66.57, 4.9, 89, 30),
	('Impedit laudantium facere ipsa velit unde aperiam.', 153.13, 5.6, 90, 21),
	('Temporibus voluptates aliquid soluta aperiam deserunt eligendi nulla.', 175.32, 5.6, 90, 27),
	('Consequuntur officiis explicabo ducimus voluptatum consequuntur accusamus a.', 166.99, 8.8, 90, 29),
	('Fugiat nostrum blanditiis architecto.', 189.63, 7.9, 91, 17),
	('At repellendus praesentium.', 119.48, 4.9, 91, 20),
	('Veniam maiores error temporibus.', 76.46, 9.4, 91, 23),
	('Nostrum omnis quod doloribus.', 134.97, 4.5, 91, 25),
	('Rerum suscipit ratione sapiente numquam.', 54.75, 2.5, 91, 26),
	('Atque suscipit labore sequi reprehenderit.', 72.42, 5.4, 92, 19),
	('Ipsum incidunt beatae molestias nihil eius blanditiis.', 62.29, 1.3, 92, 24),
	('Sit sequi dolor harum veritatis.', 119.48, 3.6, 93, 20),
	('Ea eaque ipsum a fugiat explicabo.', 66.57, 5.6, 93, 30),
	('Dolores rerum architecto incidunt reiciendis assumenda reiciendis molestiae.', 34.45, 2.6, 94, 16),
	('Fuga doloremque asperiores est similique magni autem.', 96.72, 5.6, 94, 28),
	('Reiciendis architecto non repellendus.', 189.63, 1.7, 95, 17),
	('Quos officiis fugiat temporibus minima dolorum labore culpa.', 72.42, 9.6, 95, 19),
	('Consectetur neque accusantium voluptate.', 119.48, 5.4, 95, 20),
	('Earum ipsum earum vel.', 62.29, 1.5, 95, 24),
	('Tempora ratione reiciendis odit.', 96.72, 1.7, 95, 28),
	('Nobis quia id.', 122.37, 5.9, 96, 18),
	('Odio occaecati cum fugit quos culpa minima.', 72.42, 1.9, 96, 19),
	('Id quaerat iste earum nostrum quos eum culpa.', 134.97, 6.1, 96, 25),
	('Animi nesciunt facilis eligendi.', 66.57, 2.4, 96, 30),
	('Ea libero fugit iste nam.', 62.29, 9.3, 97, 24),
	('Optio totam quasi possimus voluptas itaque illum.', 54.75, 8.3, 97, 26),
	('Saepe aliquam nobis reprehenderit ex.', 166.99, 5.2, 98, 29),
	('Quos quaerat possimus suscipit.', 34.45, 4.5, 99, 16),
	('Adipisci dolorem possimus vel quae corrupti.', 189.63, 9.1, 99, 17),
	('Illo odit ratione.', 117.15, 2.3, 99, 22),
	('Iste doloribus repudiandae deserunt saepe.', 76.46, 8.2, 99, 23),
	('Nostrum debitis dicta ea libero.', 175.32, 1.9, 99, 27),
	('Dolores quaerat itaque voluptates ex consequatur.', 34.45, 7.7, 100, 16),
	('Quod eligendi harum consequatur nisi.', 119.48, 6.9, 100, 20),
	('Molestias sit magni placeat.', 153.13, 6.2, 100, 21),
	('Aperiam delectus accusamus eius consequuntur.', 117.15, 1.5, 100, 22),
	('Aliquid facilis tempore quaerat voluptatum autem.', 76.46, 4.5, 100, 23),
	('Blanditiis maxime asperiores.', 166.99, 5.4, 101, 29),
	(NULL, 34.45, 3, 102, 16),
	(NULL, 119.48, 1, 102, 20),
	(NULL, 34.45, 3, 103, 16),
	(NULL, 119.48, 1, 103, 20),
	(NULL, 34.45, 1, 104, 16),
	(NULL, 189.63, 1, 105, 17),
	(NULL, 189.63, 1, 106, 17),
	(NULL, 34.45, 1, 107, 16),
	(NULL, 153.13, 1, 107, 21),
	(NULL, 34.45, 1, 108, 16),
	(NULL, 189.63, 1, 108, 17);

-- Dumping structure for table week02.products
CREATE TABLE IF NOT EXISTS `products` (
  `product_id` bigint(20) NOT NULL AUTO_INCREMENT,
  `description` varchar(250) DEFAULT NULL,
  `manufacturer_name` varchar(100) DEFAULT NULL,
  `name` varchar(150) DEFAULT NULL,
  `status` tinyint(4) DEFAULT NULL CHECK (`status` between 0 and 2),
  `unit` varchar(25) DEFAULT NULL,
  PRIMARY KEY (`product_id`)
) ENGINE=InnoDB AUTO_INCREMENT=31 DEFAULT CHARSET=latin1 COLLATE=latin1_swedish_ci;

-- Dumping data for table week02.products: ~15 rows (approximately)
INSERT INTO `products` (`product_id`, `description`, `manufacturer_name`, `name`, `status`, `unit`) VALUES
	(16, 'Praesentium amet provident sint atque numquam quas sit sed blanditiis iusto.', 'Parker, Becker and Morissette', 'Awesome Linen Knife', 1, 'Paper'),
	(17, 'Quos voluptatum enim totam porro corporis exercitationem ipsam ullam id nobis error dignissimos autem.', 'Jacobi, Watsica and Murray', 'Awesome Linen Computer', 1, 'Leather'),
	(18, 'Harum ipsa architecto reiciendis aspernatur mollitia enim similique omnis quasi porro minima.', 'Block, Lynch and Terry', 'Lightweight Silk Coat', 1, 'Bronze'),
	(19, 'Necessitatibus necessitatibus soluta repellat quos dolorem a inventore nisi id ut odio doloremque quibusdam at.', 'Muller-Strosin', 'Heavy Duty Bronze Watch', 1, 'Linen'),
	(20, 'Corporis beatae iure autem enim alias provident perferendis minima enim.', 'Williamson and Sons', 'Heavy Duty Leather Clock', 1, 'Cotton'),
	(21, 'Consequatur dolores atque doloribus explicabo vero fugit pariatur labore alias deleniti officiis non.', 'Predovic, Moen and Stehr', 'Sleek Concrete Table', 1, 'Cotton'),
	(22, 'Provident eaque nisi consequuntur asperiores quas ratione amet incidunt fugit pariatur dicta neque.', 'Rogahn-Bradtke', 'Awesome Aluminum Clock', 1, 'Copper'),
	(23, 'Quasi natus officiis accusantium inventore mollitia quisquam quo recusandae iure repellat repellendus similique.', 'Murphy, Veum and Simonis', 'Fantastic Aluminum Lamp', 1, 'Bronze'),
	(24, 'Quibusdam expedita quisquam cupiditate quos aut voluptatibus mollitia harum unde magni repellendus sunt vitae earum.', 'Feeney, Blanda and Cole', 'Mediocre Rubber Wallet', 1, 'Plastic'),
	(25, 'Ullam dignissimos quasi quas sequi illo exercitationem nulla voluptate rerum dolorem minima.', 'Schamberger-Kulas', 'Enormous Wool Bench', 1, 'Iron'),
	(26, 'Voluptates possimus quo rerum reprehenderit velit ab sint unde cumque maxime ipsam facilis ea sapiente.', 'Altenwerth, Deckow and Maggio', 'Sleek Leather Bag', 1, 'Wool'),
	(27, 'Perspiciatis quis accusantium minima ut ipsa consectetur neque nihil commodi a maiores iste.', 'DuBuque-Hahn', 'Incredible Paper Bag', 1, 'Steel'),
	(28, 'Quos odio repudiandae reprehenderit qui praesentium delectus ab repellat quae beatae qui aliquid dolorem blanditiis.', 'Olson Group', 'Ergonomic Rubber Keyboard', 1, 'Concrete'),
	(29, 'Quia perspiciatis facilis modi occaecati amet nostrum voluptas dolore consequuntur nihil ab molestias numquam minus.', 'Nitzsche Inc', 'Ergonomic Leather Table', 1, 'Copper'),
	(30, 'Quod consequatur quis expedita architecto ex dolor tenetur sit quos non quia.', 'Prosacco, Tromp and Wuckert', 'Aerodynamic Marble Shoes', 1, 'Wooden');

-- Dumping structure for table week02.product_images
CREATE TABLE IF NOT EXISTS `product_images` (
  `image_id` bigint(20) NOT NULL AUTO_INCREMENT,
  `alternative` varchar(250) DEFAULT NULL,
  `path` varchar(250) DEFAULT NULL,
  `product_id` bigint(20) DEFAULT NULL,
  PRIMARY KEY (`image_id`),
  KEY `FK_product_images_product_id` (`product_id`),
  CONSTRAINT `FK_product_images_product_id` FOREIGN KEY (`product_id`) REFERENCES `products` (`product_id`),
  CONSTRAINT `FKqnq71xsohugpqwf3c9gxmsuy` FOREIGN KEY (`product_id`) REFERENCES `products` (`product_id`)
) ENGINE=InnoDB AUTO_INCREMENT=52 DEFAULT CHARSET=latin1 COLLATE=latin1_swedish_ci;

-- Dumping data for table week02.product_images: ~28 rows (approximately)
INSERT INTO `product_images` (`image_id`, `alternative`, `path`, `product_id`) VALUES
	(24, 'Error laudantium blanditiis harum labore animi maxime.', 'https://picsum.photos/seed/pic1/200/300', 16),
	(25, 'Inventore aspernatur at delectus nulla dolores qui beatae.', 'https://picsum.photos/seed/pic1/200/300', 16),
	(26, 'Dicta consequatur non quas beatae.', 'https://picsum.photos/seed/pic1/200/300', 17),
	(27, 'Vero consequatur earum dolorum at tempore.', 'https://picsum.photos/seed/pic1/200/300', 17),
	(28, 'Dolore praesentium quasi porro rerum.', 'https://picsum.photos/seed/pic1/200/300', 17),
	(29, 'Architecto dicta eveniet dicta neque ullam modi.', 'https://picsum.photos/seed/pic1/200/300', 18),
	(30, 'Tempora earum animi excepturi placeat perferendis.', 'https://picsum.photos/seed/pic1/200/300', 19),
	(31, 'Ratione possimus odio ea tempore vel.', 'https://picsum.photos/seed/pic1/200/300', 20),
	(32, 'Necessitatibus vel laudantium enim hic placeat repellat facere.', 'https://picsum.photos/seed/pic1/200/300', 20),
	(33, 'Est quae aliquam ut.', 'https://picsum.photos/seed/pic1/200/300', 21),
	(34, 'Nisi mollitia eaque totam.', 'https://picsum.photos/seed/pic1/200/300', 22),
	(35, 'Placeat saepe error ab.', 'https://picsum.photos/seed/pic1/200/300', 22),
	(36, 'Architecto qui possimus quis error reprehenderit veniam provident.', 'https://picsum.photos/seed/pic1/200/300', 23),
	(37, 'Explicabo quo qui soluta quibusdam debitis.', 'https://picsum.photos/seed/pic1/200/300', 23),
	(38, 'Voluptate totam odio nulla.', 'https://picsum.photos/seed/pic1/200/300', 23),
	(39, 'Reiciendis quis temporibus animi illum earum nostrum.', 'https://picsum.photos/seed/pic1/200/300', 24),
	(40, 'Ad eligendi voluptatem iusto a distinctio voluptatum.', 'https://picsum.photos/seed/pic1/200/300', 24),
	(41, 'Facilis consectetur reiciendis asperiores sapiente quae.', 'https://picsum.photos/seed/pic1/200/300', 25),
	(42, 'Ab vero nobis laborum incidunt consequuntur perferendis ut.', 'https://picsum.photos/seed/pic1/200/300', 25),
	(43, 'Minima aliquam neque molestias minus.', 'https://picsum.photos/seed/pic1/200/300', 25),
	(44, 'Commodi ad ea sint modi ut cumque earum.', 'https://picsum.photos/seed/pic1/200/300', 26),
	(45, 'Minus unde impedit at voluptatibus debitis consequatur.', 'https://picsum.photos/seed/pic1/200/300', 27),
	(46, 'Voluptate impedit commodi qui et.', 'https://picsum.photos/seed/pic1/200/300', 27),
	(47, 'Quaerat rem molestiae dignissimos cum asperiores.', 'https://picsum.photos/seed/pic1/200/300', 28),
	(48, 'Temporibus nobis voluptatum quas.', 'https://picsum.photos/seed/pic1/200/300', 28),
	(49, 'Illum vero amet doloribus.', 'https://picsum.photos/seed/pic1/200/300', 28),
	(50, 'Ipsam itaque nobis labore iure.', 'https://picsum.photos/seed/pic1/200/300', 29),
	(51, 'Temporibus architecto reprehenderit.', 'https://picsum.photos/seed/pic1/200/300', 30);

-- Dumping structure for table week02.product_prices
CREATE TABLE IF NOT EXISTS `product_prices` (
  `price_date_time` datetime NOT NULL DEFAULT current_timestamp(),
  `note` varchar(255) DEFAULT NULL,
  `price` double DEFAULT NULL,
  `product_id` bigint(20) NOT NULL,
  PRIMARY KEY (`price_date_time`,`product_id`),
  KEY `FK_product_prices_product_id` (`product_id`),
  CONSTRAINT `FK_product_prices_product_id` FOREIGN KEY (`product_id`) REFERENCES `products` (`product_id`),
  CONSTRAINT `FKo21ew0lemtpkoyly3vm1mq925` FOREIGN KEY (`product_id`) REFERENCES `products` (`product_id`)
) ENGINE=InnoDB DEFAULT CHARSET=latin1 COLLATE=latin1_swedish_ci;

-- Dumping data for table week02.product_prices: ~26 rows (approximately)
INSERT INTO `product_prices` (`price_date_time`, `note`, `price`, `product_id`) VALUES
	('2024-07-21 22:50:24', 'Eius neque quas dolore quidem facere aspernatur delectus ullam et.', 90.33, 19),
	('2024-07-22 22:50:24', 'Impedit ab in pariatur doloribus.', 141.96, 17),
	('2024-07-22 22:50:24', 'Eos quaerat fugit enim unde exercitationem quisquam et ducimus voluptatibus.', 110.46, 25),
	('2024-07-25 22:50:24', 'Impedit expedita distinctio aliquam cumque accusantium suscipit odit asperiores.', 83.44, 24),
	('2024-07-25 22:50:24', 'Libero quasi eligendi laboriosam modi unde non.', 166.99, 29),
	('2024-07-26 22:50:24', 'Quas sequi culpa impedit esse earum voluptate nisi ratione alias.', 175.32, 27),
	('2024-07-28 22:50:24', 'Libero velit soluta tenetur molestiae ad minus omnis accusamus.', 117.15, 22),
	('2024-07-28 22:50:24', 'Eius culpa excepturi est sapiente architecto placeat dolorem quia aliquid.', 168.92, 26),
	('2024-07-31 22:50:24', 'Ducimus repellat quae itaque cum iure.', 34.45, 16),
	('2024-08-04 22:50:24', 'Iusto illo nihil cumque mollitia.', 133.18, 17),
	('2024-08-04 22:50:24', 'Tempore quisquam incidunt non molestiae cum hic.', 54.75, 26),
	('2024-08-06 22:50:24', 'Unde eaque at laboriosam neque accusantium natus repellat minus.', 26.13, 18),
	('2024-08-15 22:50:24', 'Natus perspiciatis sint molestias architecto autem corrupti.', 198.92, 25),
	('2024-08-18 22:50:24', 'Illum dolorum tempore amet a.', 75.68, 19),
	('2024-09-07 22:50:24', 'Repellat repudiandae laborum nemo labore aut est dicta optio sint.', 166.84, 23),
	('2024-09-08 22:50:24', 'Mollitia amet voluptas beatae laudantium consequatur esse enim consequatur incidunt.', 122.37, 18),
	('2024-09-12 22:50:24', 'Et ipsa nisi necessitatibus est eligendi eligendi repudiandae vitae.', 134.97, 25),
	('2024-09-25 22:50:24', 'Voluptate quae neque totam exercitationem ipsum velit.', 113.21, 21),
	('2024-09-26 22:50:24', 'Iure quibusdam quidem esse porro cumque voluptate tempora dolorum.', 66.57, 30),
	('2024-10-03 22:50:24', 'Reprehenderit eos nam facere id tempore.', 62.29, 24),
	('2024-10-05 22:50:24', 'Voluptatem nam officiis officia laboriosam laudantium officiis necessitatibus temporibus.', 96.72, 28),
	('2024-10-08 22:50:24', 'Laudantium dicta illum nam quia excepturi a.', 119.48, 20),
	('2024-10-09 22:50:24', 'Provident magni odio at nesciunt.', 189.63, 17),
	('2024-10-09 22:50:24', 'Eligendi quas porro voluptatibus rerum.', 76.46, 23),
	('2024-10-11 22:50:24', 'Voluptatum eum impedit sapiente neque.', 72.42, 19),
	('2024-10-11 22:50:24', 'Incidunt error nostrum aliquid repellat nam cumque architecto deserunt culpa.', 153.13, 21);

/*!40103 SET TIME_ZONE=IFNULL(@OLD_TIME_ZONE, 'system') */;
/*!40101 SET SQL_MODE=IFNULL(@OLD_SQL_MODE, '') */;
/*!40014 SET FOREIGN_KEY_CHECKS=IFNULL(@OLD_FOREIGN_KEY_CHECKS, 1) */;
/*!40101 SET CHARACTER_SET_CLIENT=@OLD_CHARACTER_SET_CLIENT */;
/*!40111 SET SQL_NOTES=IFNULL(@OLD_SQL_NOTES, 1) */;
